0.0	0.6	0.0	-0.800000000000109	0.0	0.8999999999998867	6.040793663194277e-14
0.01	0.5997402575290504	0.008998701165305264	-0.8001441413115189	-0.0519489867118975	0.8996103226660843	-0.028820524987795155
0.02	0.5989610007694489	0.017989606093946398	-0.8005761010842565	-0.10390380709237827	0.8984404840123509	-0.057548230384083514
0.03	0.5976621438428148	0.026964902450140136	-0.8012944875971725	-0.15586986223151617	0.8964880742244371	-0.08609044940627879
0.04	0.5958435508099036	0.03591674590211653	-0.8022969838685381	-0.20785168997530387	0.8937491107133086	-0.11435482277376166
0.05	0.5935050464397315	0.04483724463056881	-0.8035803515191129	-0.2598525415240289	0.8902180886001734	-0.14224945705422876
0.06	0.5906464311632778	0.053718444440950475	-0.8051404362445818	-0.31187396433504283	0.8858880510736855	-0.16968308849596536
0.07	0.5872675001610722	0.06255231467737925	-0.8069721749604695	-0.3639153955649503	0.8807506792890393	-0.196565253997434
0.08	0.5833680664698124	0.07133073513166552	-0.8090696046989722	-0.41597376955026377	0.8747964013730838	-0.22280647075668025
0.09	0.5789479877624647	0.08004548413580509	-0.8114258733518398	-0.4680431469049342	0.8680145199980689	-0.24831842600887732
0.1	0.5740071970743637	0.08868822802013374	-0.8140332523659897	-0.5201143516188177	0.8603933578774388	-0.27301417808201073
0.11	0.5685457366828014	0.09725051211323446	-0.8168831515109738	-0.57217464190023	0.8519204204086254	-0.2968083697624231
0.12	0.5625637954693135	0.10572375344999121	-0.8199661358446145	-0.6242073967208419	0.8425825745853702	-0.3196174547880844
0.13	0.5560617492207514	0.11409923534603042	-0.8232719450114285	-0.676191832126348	0.8323662431436243	-0.3413599379524458
0.14	0.5490402034255119	0.12236810398508087	-0.8267895150114153	-0.7281027517529676	0.8212576127837288	-0.3619566290627409
0.15	0.5415000382774318	0.1305213671535671	-0.8305070025776355	-0.7799103324064767	0.809242855170532	-0.3813309106940198
0.16	0.5334424562809229	0.1385498952431456	-0.8344118122988754	-0.8315799333141822	0.7963083592553614	-0.39940901933103434
0.17	0.5248690308945587	0.14644442462650556	-0.8384906266179389	-0.8830719563228062	0.782440973342925	-0.4161203392249425
0.18	0.5157817570399459	0.15419556349519228	-0.8427294388273012	-0.9343417346049747	0.7676282551514431	-0.4313977078851178
0.19	0.5061831023423229	0.16179380023018988	-0.847113589172093	-0.9853394668849309	0.7518587279662919	-0.4451777317735663
0.2	0.4960760573361477	0.16922951435625774	-0.8516278041543768	-1.036010221814088	0.7351221408450646	-0.45740111041994497
0.21	0.4854641878597829	0.17649299010937564	-0.8562562391114442	-1.0862939482319118	0.7174097307167525	-0.46801296688916044
0.22	0.4743516844668731	0.1835744326254791	-0.8609825241216827	-1.1361255775648162	0.698714484022359	-0.4769631820057878
0.23	0.46274341623133913	0.1904639867326931	-0.8657898132579194	-1.1854350810839085	0.679031395603531	-0.4842067299037395
0.24	0.45064497150551924	0.19715175830870404	-0.8706608371920417	-1.234147777777037	0.6583577221301349	-0.48970401127538704
0.25	0.43806271325239876	0.20362783813379828	-0.8755779591046859	-1.2821844040137402	0.6366932276377398	-0.4934211814308193
0.26	0.42500381491572015	0.20988232814944016	-0.8805232338369355	-1.3294615285895925	0.6140404183970859	-0.4953304691922009
0.27	0.411476305278022	0.21590537000052903	-0.8854784701675976	-1.3758918083014626	0.5904047645075742	-0.49541048303192164
0.28	0.3974891046673223	0.22168717571607136	-0.8904252960717394	-1.4213843816052971	0.565794905501684	-0.49364650038721597
0.29	0.38305205643835377	0.22721806035486564	-0.8953452267712523	-1.465845323831881	0.5402228372798688	-0.49003073597595953
0.3	0.36817595875368864	0.23248847641649711	-0.9002197353467196	-1.5091780594256916	0.513704077769786	-0.48456258489979026
0.31	0.3528725848786794	0.23748904979221136	-0.905030325636961	-1.551283938490522	0.4862578089626085	-0.4772488368116105
0.32	0.3371547028919999	0.24221061700764127	-0.9097586071170088	-1.5920627647522951	0.4579069927648517	-0.4681038563879344
0.33	0.32103609005281136	0.24664426348473525	-0.9143863713978354	-1.6314133474185615	0.42867845868248633	-0.4571497267116257
0.34	0.304531535157655	0.2507813625311153	-0.9188956699576192	-1.6692342057939553	0.39860296133760903	-0.44441635164517634
0.35	0.2876568425030854	0.25461361474667193	-0.9232688926772274	-1.7054241380227715	0.367715206097621	-0.42994151360131067
0.36	0.27042882305289506	0.25813308752140796	-0.9274888467181658	-1.739882939622877	0.3360538415239726	-0.41377088388791256
0.37	0.2528652828451347	0.2613322542870759	-0.9315388352545668	-1.772512050382833	0.3036614175327117	-0.3959579827460755
0.38	0.234985001881701	0.26420403317602564	-0.9354027355447845	-1.8032152694076782	0.2705843086082149	-0.3765640869567509
0.39	0.21680770816306463	0.2667418247361302	-0.9390650758099424	-1.8318994207451396	0.2368726017321543	-0.3556580831984088
0.4	0.19835404266304188	0.268939548349054	-0.9425111103705813	-1.8584750716638512	0.20257994927673426	-0.3333162665192554
0.41	0.17964551918699315	0.27079167700379286	-0.9457268924895696	-1.8828571942715835	0.16776338719451434	-0.3096220827601451
0.42	0.16070447754754794	0.27229327008335513	-0.9486993443624936	-1.904965804987002	0.13248311971598867	-0.2846658159252844
0.43	0.1415540296291971	0.27344000383600064	-0.9514163237076761	-1.9247265947335332	0.09680227181299592	-0.2585442208653596
0.44	0.12221799888927191	0.27422819921785735	-0.9538666864172836	-1.9420715516446807	0.06078661137584582	-0.2313601032124695
0.45	0.10272085619520062	0.2746548468149259	-0.9560403447525538	-1.9569394515600285	0.024504243302400024	-0.2032218486302951
0.46	0.08308764730186995	0.27471762857683774	-0.9579283205915132	-1.9692764420050815	-0.011974721749264276	-0.17424290466765935
0.47	0.06334391867456313	0.27441493612364404	-0.9595227932721005	-1.9790364164983854	-0.04857852097720364	-0.14454121863554364
0.48	0.04351563621421422	0.27374588541874384	-0.9608171416126239	-1.9861815185024767	-0.08523411200179712	-0.11423863596301922
0.49	0.023629103719990503	0.27271032763640707	-0.9618059797376799	-1.9906822885479685	-0.12186756074591949	-0.08346026380530167
0.5	0.0037108744715842242	0.2713088560901271	-0.9624851863887343	-1.992518137847057	-0.1584044407272438	-0.05233380527342276
0.51	2.3774694058100278e-7	0.26957836653046474	-0.9629784547427371	-1.6886626506621112e-5	-0.1860409338531982	-0.05208071978450434
0.52	2.6032031414046074e-7	0.2675903545455553	-0.9635327717073854	-9.15354937695552e-6	-0.21153731514400312	-0.05874771136333565
0.53	2.2601039339365604e-7	0.26534813595861745	-0.9641526677571529	-7.268101805430557e-6	-0.2368789677121126	-0.0651923648959829
0.54	2.913656723597339e-7	0.26285335713527985	-0.9648357956888974	-4.441226001464177e-6	-0.26204602694903817	-0.07139005229345241
0.55	3.3829489016757525e-7	0.2601078645894067	-0.9655795662598833	-3.392723424706219e-6	-0.2870183245238022	-0.0773170084576898
0.56	3.138795635007235e-7	0.257113708112129	-0.9663811572566654	-3.4448993875210437e-6	-0.31177537073184186	-0.08295041875146703
0.57	3.4433533042840716e-7	0.25387314405528466	-0.9672375234281215	-2.839603291402933e-6	-0.3362963413363172	-0.08826850431499378
0.58	2.767244368771592e-7	0.2503886387226496	-0.9681454072599538	-3.3557759410816764e-6	-0.3605600692070468	-0.09325060495089178
0.59	2.9668485960461506e-7	0.2466628718196681	-0.9691013505643182	-2.8436460934242974e-6	-0.3845450410246284	-0.09787725928640365
0.6	3.480801636798843e-7	0.24269873990986882	-0.9701017068565754	-2.2385215363529176e-6	-0.40822939927703544	-0.10213028190674703
0.61	3.001132061042497e-7	0.23849935982405157	-0.971142654486676	-2.4554080857323598e-6	-0.4315909497351924	-0.10599283714176934
0.62	2.6063560688344306e-7	0.23406807196669963	-0.9722202104902593	-2.568759318487734e-6	-0.45460717454733485	-0.10944950917604805
0.63	3.143327823237372e-7	0.22940844346292621	-0.9733302451212636	-1.9799628130045284e-6	-0.4772552510463331	-0.11248636814326952
0.64	2.95712995987825e-7	0.2245242710886965	-0.9744684970238914	-2.0411549120580975e-6	-0.4995120763152401	-0.11509103185768088
0.65	3.70590719019259e-7	0.21941958392640296	-0.9756305889984319	-1.534486797646088e-6	-0.5213542975064259	-0.11725272283141644
0.66	3.505191412996035e-7	0.21409864568882203	-0.9768120443125634	-1.6540547828368839e-6	-0.5427583478584344	-0.11896232022318372
0.67	2.809734781706575e-7	0.208565956654951	-0.9780083035048966	-1.9777718925050845e-6	-0.5637004883019199	-0.12021240636585237
0.68	3.5284692318897665e-7	0.20282625516210306	-0.9792147416255503	-1.4588990940120895e-6	-0.5841568544967447	-0.12099730752489944
0.69	6.07899487117311e-7	0.19688451860185957	-0.9804266858539421	-8.691014823261516e-7	-0.6041035090853771	-0.12131312854760012
0.7	5.664551452240632e-7	0.19074596386784998	-0.9816394334315438	-1.0173542393176938e-6	-0.6235164989028558	-0.1211577810760276
0.71	5.563258371925561e-7	0.1844160472088458	-0.982848269842072	-1.0661854857148651e-6	-0.6423719168241717	-0.12053100501291511
0.72	5.851863984162742e-7	0.1779004634409828	-0.9840484871728326	-1.0373738036098038e-6	-0.6606459678926457	-0.1194343829507655
0.73	6.100429567879911e-7	0.17120514447810925	-0.9852354025834931	-1.033298254937346e-6	-0.6783150393195249	-0.1178713472988137
0.74	5.881999085718303e-7	0.16433625714730582	-0.9864043768082484	-1.1034947538462395e-6	-0.6953557738927052	-0.11584717987333702
0.75	5.826423471856612e-7	0.15730020025262453	-0.9875508326157921	-1.1677446926688792e-6	-0.7117451463153743	-0.11336900374876739
0.76	5.447287518060142e-7	0.1501036008650655	-0.9886702731482558	-1.2284074962369884e-6	-0.7274605419314578	-0.11044576720623432
0.77	5.170222719618252e-7	0.14275330981214598	-0.989758300059873	-1.370028596313863e-6	-0.7424798372870411	-0.1070882196550425
0.78	5.057631182668876e-7	0.13525639636110875	-0.9908106313737002	-1.3951092719266967e-6	-0.7567814819153806	-0.10330887945306166
0.79	5.922621750679942e-7	0.12762014207509498	-0.9918231189765544	-1.2247488972965155e-6	-0.7703445807553864	-0.09912199359190714
0.8	6.03937211705771e-7	0.11985203384714585	-0.9927917656700906	-1.2552213878660065e-6	-0.783148976553356	-0.09454348927100735
0.81	6.309719791323978e-7	0.1119597561130088	-0.9937127416968751	-1.1833312179195972e-6	-0.7951753316087923	-0.0895909174342972
0.82	6.783164783625345e-7	0.1039511822519777	-0.9945824006626903	-1.1270183519023539e-6	-0.8064052082147558	-0.08428338839800696
0.83	7.215996039778221e-7	0.09583436519180699	-0.9953972947761921	-1.1652758127507666e-6	-0.8168211471428064	-0.07864149975423518
0.84	7.431198744741356e-7	0.08761752724304563	-0.9961541893297751	-1.1844341798568761e-6	-0.8264067435256802	-0.07268725679333833
0.85	7.439827820269154e-7	0.07930904918908739	-0.996850076348582	-1.203807496291568e-6	-0.8351467195126032	-0.06644398574102921
0.86	7.123544036000095e-7	0.07091745866776378	-0.9974821873374989	-1.3073188069542044e-6	-0.843026993085638	-0.05993624016334652
0.87	6.758325276135886e-7	0.06245141788816007	-0.9980480050595288	-1.4235587835039582e-6	-0.8500347424515475	-0.053189700948428814
0.88	4.6512879364554557e-7	0.05391971072619038	-0.9985452742840406	-2.1379555669255585e-6	-0.8561584654614083	-0.04623107032134461
0.89	4.386853102045547e-7	0.045331229253639534	-0.998972011446848	-2.265258741011385e-6	-0.861388033542344	-0.03908796040170537
0.9	3.6873601089759805e-7	0.03669495975794225	-0.9993265131718593	-2.5896849743193148e-6	-0.8657147396736893	-0.031788776857632796
0.91	4.107363391422234e-7	0.02801996831283555	-0.9996073636061217	-2.1870759721083955e-6	-0.8691313399880154	-0.02436259824978774
0.92	4.3707873216103256e-7	0.01931538596670577	-0.9998134405301651	-2.012053923971461e-6	-0.8716320886307236	-0.016839051698302958
0.93	3.869815296641103e-7	0.010590393617733142	-0.9999439202089648	-2.184774408611255e-6	-0.8732127655701157	-0.009248185536582406
0.94	3.418786660540555e-7	0.0018542066466514674	-0.9999982809573196	-2.3883388953843724e-6	-0.8738706971126309	-0.0016203396411533985
0.95	4.1808852581343237e-7	-0.0068839406181187566	-0.9999763053999783	-1.9012076010033073e-6	-0.8736047689386135	0.006013985851279968
0.96	3.833726816730453e-7	-0.015614810527656304	-0.9998780814139481	-2.011401059240019e-6	-0.8724154315447316	0.013624262715054751
0.97	4.0524129890868656e-7	-0.024329177756100613	-0.9997040017472907	-1.8588489523592836e-6	-0.8703046980430822	0.021180066962724117
0.98	2.759231917209269e-7	-0.03301784488384396	-0.9994547623175101	-2.565468986099226e-6	-0.867276134337122	0.028651210593958438
0.99	3.436943341902258e-7	-0.041671657845321966	-0.9991313591977319	-1.8843170928860999e-6	-0.863334841762341	0.03600787203805884
1.0	2.9003094760014916e-7	-0.05028152116524557	-0.9987350843087595	-2.1904559219808884e-6	-0.8584874323454308	0.043220724571636254
