step,loss,abs_alpha,abs_grad_alpha,grad_theta_norm
1.0,3.9236319065093994,0.0009999994654208422,0.01643274538218975,0.0
2.0,4.075500011444092,0.0018148820381611586,0.14486634731292725,0.0021212234265949046
3.0,3.9045889377593994,0.002677652984857559,0.08241820335388184,0.0034199941045296375
4.0,4.0406494140625,0.0029640132561326027,0.10591325908899307,0.004541717034320574
5.0,4.194797515869141,0.0028560995124280453,0.13525183498859406,0.005876925413053131
6.0,4.044236183166504,0.002849743003025651,0.039726369082927704,0.0059081358213728275
7.0,4.1353888511657715,0.002886759117245674,0.020470036193728447,0.005362795290283558
8.0,4.017075538635254,0.002736903727054596,0.09504042565822601,0.006324096268541405
9.0,3.969797134399414,0.0025956130120903254,0.004425496328622103,0.004993564113104541
10.0,3.9731547832489014,0.0023417596239596605,0.07430755347013474,0.005308487439075632
11.0,4.2099456787109375,0.0019637495279312134,0.09823253005743027,0.0047655621855147105
12.0,4.319185733795166,0.0014899986563250422,0.09530909359455109,0.004107530581532511
13.0,3.792083501815796,0.001054542139172554,0.005314595997333527,0.0035429074026538587
14.0,4.232098579406738,0.0006015996914356947,0.03981245681643486,0.0019542956163448627
15.0,4.066888332366943,0.0004244094016030431,0.13600121438503265,0.001426913651573125
16.0,4.030223846435547,0.00023364814114756882,0.02090686559677124,0.0008871337104366628
17.0,4.068762302398682,7.408876263070852e-5,0.009152557700872421,0.0004616164885634661
18.0,3.994960069656372,6.370074697770178e-5,0.004787003621459007,0.00016392346051477452
19.0,4.072243690490723,0.0003199235943611711,0.09408942610025406,0.0001056344210140141
20.0,4.005861282348633,0.0006409725756384432,0.06414560973644257,0.0005096867327946083
21.0,4.072844505310059,0.0009258363279514015,0.004984129220247269,0.0012682931884139368
22.0,4.0802741050720215,0.001321778865531087,0.1049710065126419,0.002043758448083958
23.0,4.047863960266113,0.0017885584384202957,0.08305897563695908,0.0029623898649847992
24.0,4.085386753082275,0.002194680506363511,0.0133602824062109,0.0035164099782694623
25.0,4.088585376739502,0.002548707416281104,0.011107491329312325,0.004580348167067661
26.0,4.111644268035889,0.002828670432791114,0.029078872874379158,0.004633192954468408
27.0,4.121670246124268,0.003056158311665058,0.01884758472442627,0.005223017207319629
28.0,4.112871170043945,0.0031055533327162266,0.10649228096008301,0.005299940113041104
29.0,4.379472732543945,0.0031386662740260363,0.008327124640345573,0.006659645864250233
30.0,4.128395080566406,0.0033340835943818092,0.12061883509159088,0.006741089711041051
31.0,4.113575458526611,0.003410918405279517,0.07156582921743393,0.005820092827598381
32.0,4.12006950378418,0.0035542587283998728,0.053449489176273346,0.00785339541446742
33.0,4.091784954071045,0.0036998342256993055,0.01075139082968235,0.00673559672120307
34.0,3.9514129161834717,0.0038311881944537163,0.0008788667619228363,0.006442085197446351
35.0,3.956347703933716,0.0038298398721963167,0.08444441854953766,0.0076177772900682785
36.0,3.9654288291931152,0.003958110697567463,0.09321523457765579,0.007387294541258446
37.0,4.064658164978027,0.004054978955537081,0.014145703986287117,0.006522680854062184
38.0,4.112822532653809,0.004063965752720833,0.05569707974791527,0.00869046817576525
39.0,3.9882380962371826,0.004087503999471664,0.01077800989151001,0.006657619921222071
40.0,4.01032018661499,0.004054853692650795,0.03760197013616562,0.007634764647991705
41.0,3.9210543632507324,0.004063810687512159,0.026642829179763794,0.0068339295397162785
42.0,4.14815092086792,0.004018880892544985,0.03632531315088272,0.00870229091831144
43.0,4.275579929351807,0.0038643605075776577,0.07860167324542999,0.010402588859123013
44.0,4.017939567565918,0.0037163326051086187,0.005089914426207542,0.007568764094601993
45.0,3.9144296646118164,0.0036212133709341288,0.026501711457967758,0.006858175848641055
46.0,4.0852155685424805,0.0036215640138834715,0.057991959154605865,0.006272758500353476
47.0,4.128302097320557,0.0036712882574647665,0.03300866857171059,0.008298602228134758
48.0,3.892606258392334,0.0035953237675130367,0.08092886209487915,0.008636757173739656
49.0,3.9224987030029297,0.003296857699751854,0.16480810940265656,0.007702334882374581
50.0,4.134415626525879,0.00298423133790493,0.02931300178170204,0.006595207645862027
51.0,4.254871368408203,0.0025467609521001577,0.11453291028738022,0.00531336663440121
52.0,4.150580406188965,0.0018963420297950506,0.22032314538955688,0.0053409339389337935
53.0,3.9440813064575195,0.0011896416544914246,0.09658368676900864,0.003063258340634724
54.0,3.8875865936279297,0.0006220064824447036,0.05490051209926605,0.002264881481825237
55.0,4.168355941772461,2.8017675504088402e-5,0.11268094182014465,0.0010195968872416046
56.0,4.270230293273926,0.0007677173125557601,0.12998206913471222,5.725593128088747e-5
57.0,4.12649393081665,0.001508952584117651,0.05743411183357239,0.0013464801108652217
58.0,3.93381929397583,0.0022264928556978703,0.03592182695865631,0.002891088753145563
59.0,4.042294025421143,0.003015749156475067,0.11963172256946564,0.004830680205128831
60.0,4.143507957458496,0.003906551282852888,0.16213200986385345,0.00700844132406145
61.0,4.237959384918213,0.004826047923415899,0.09899942576885223,0.008216653971329493
62.0,4.083189964294434,0.005820353515446186,0.15317070484161377,0.00896587835560383
63.0,3.931846857070923,0.006688313093036413,0.027651825919747353,0.00988276997995881
64.0,4.028666973114014,0.0075212325900793076,0.03859362006187439,0.011995862029741173
65.0,4.044990062713623,0.008112315088510513,0.12541398406028748,0.01457602607625756
66.0,4.028654098510742,0.008689362555742264,0.03442375361919403,0.011160657106077665
67.0,4.010708808898926,0.009239772334694862,0.022461703047156334,0.019311422134475644
68.0,3.9041290283203125,0.009779797866940498,0.03388581424951553,0.013026955699271899
69.0,4.042921543121338,0.010327712632715702,0.04833485931158066,0.017447917672022986
70.0,3.9162967205047607,0.01085735484957695,0.02683243714272976,0.018058801243749055
71.0,4.012309551239014,0.011267929337918758,0.054597415030002594,0.02019120755063087
72.0,4.035399436950684,0.011597387492656708,0.033736199140548706,0.0184425784709407
73.0,4.020171165466309,0.011974269524216652,0.06340089440345764,0.021042442907218205
74.0,4.2011919021606445,0.012403873726725578,0.07156167179346085,0.0216337445094579
75.0,3.927194833755493,0.012819181196391582,0.020675919950008392,0.019612922953930773
76.0,4.206325531005859,0.012873680330812931,0.24976477026939392,0.023655157669214562
77.0,3.9115450382232666,0.01308997068554163,0.14234764873981476,0.024809838951997194
78.0,4.102818012237549,0.01310218870639801,0.1545594334602356,0.02207126818708116
79.0,4.027015686035156,0.013133358210325241,0.01720106601715088,0.023058133408987647
80.0,4.142218112945557,0.012955328449606895,0.17967087030410767,0.03277377159717782
81.0,4.097812175750732,0.012679588049650192,0.10154887288808823,0.024197536805787293
82.0,4.259443759918213,0.012043341994285583,0.40951046347618103,0.029077363180397706
83.0,4.184035301208496,0.011546111665666103,0.07555607706308365,0.021596783152071402
84.0,3.9930951595306396,0.010991455055773258,0.10586853325366974,0.019150167272274435
85.0,4.060003757476807,0.01059404294937849,0.10005512833595276,0.020553308669240995
86.0,4.010163307189941,0.010118341073393822,0.11735998094081879,0.017024925063197305
87.0,4.053175926208496,0.009608322754502296,0.07975290715694427,0.019267288569587416
88.0,4.084980010986328,0.009068489074707031,0.07842449843883514,0.01626054955219341
89.0,3.9290432929992676,0.008476780727505684,0.10445357859134674,0.016213197063926803
90.0,4.101391315460205,0.007808569818735123,0.1369844526052475,0.013734061756625636
91.0,3.9341070652008057,0.007179375272244215,0.02412273734807968,0.01357320849047745
92.0,3.8320069313049316,0.006658991798758507,0.047359321266412735,0.012889888106683123
93.0,3.851871967315674,0.006279274355620146,0.0871940553188324,0.01202716668150985
94.0,4.355962753295898,0.005723305977880955,0.22190000116825104,0.012351766339403629
95.0,3.8259665966033936,0.00510032381862402,0.12452274560928345,0.008831912466177318
96.0,4.036008358001709,0.004520769696682692,0.015829650685191154,0.008347688739073638
97.0,4.022195339202881,0.004064895212650299,0.06693689525127411,0.008153063592106843
98.0,4.171211242675781,0.003779961261898279,0.12387841194868088,0.00913180457099153
99.0,4.171090602874756,0.003460413310676813,0.0619300939142704,0.005973974865439207
100.0,3.9035451412200928,0.003099684836342931,0.0718371570110321,0.006157155566038646
101.0,3.8396739959716797,0.0027729952707886696,0.00032819435000419617,0.00508617188715377
102.0,4.129247665405273,0.0024766523856669664,0.0007814783602952957,0.006453548835006221
103.0,4.335575580596924,0.0021571333054453135,0.05067289620637894,0.004556012540461622
104.0,4.015801906585693,0.0019232743652537465,0.05334726721048355,0.0045992669946785985
105.0,4.016305923461914,0.0017058803932741284,0.0056843943893909454,0.003060713426156406
106.0,4.178903579711914,0.0014201165176928043,0.08711893856525421,0.003732606000947561
107.0,3.941582679748535,0.0010735541582107544,0.0862463116645813,0.0023794809129494155
108.0,3.8824660778045654,0.0007800026796758175,0.019100114703178406,0.0015796209695239862
109.0,4.080712795257568,0.0003874572576023638,0.12488161027431488,0.0013381995388892693
110.0,3.7705206871032715,8.530472405254841e-5,0.11645402014255524,0.0008284229538646338
111.0,4.065985202789307,0.0004928234266117215,0.019209561869502068,0.00012847556948238436
112.0,4.082944869995117,0.0009316200157627463,0.0684550553560257,0.0008524128140331396
113.0,3.990283489227295,0.0014121674466878176,0.08176504820585251,0.0015704832833087238
114.0,4.149968147277832,0.0018123146146535873,0.032651469111442566,0.0026843891783672517
115.0,4.308712005615234,0.0023144916631281376,0.13829155266284943,0.003434958926568482
116.0,3.8101682662963867,0.0027909711934626102,0.021585805341601372,0.0035862817611253253
117.0,3.9489662647247314,0.0032434617169201374,0.020776107907295227,0.0042840528822899624
118.0,4.2436347007751465,0.0035937107168138027,0.05531701445579529,0.005070014610654189
119.0,3.92858624458313,0.003942369017750025,0.030445393174886703,0.0064316994857361726
120.0,3.98128604888916,0.004347534850239754,0.08619493246078491,0.006284434169711547
121.0,3.934619188308716,0.004711488727480173,0.0021695373579859734,0.005974455154644436
122.0,4.0480875968933105,0.004929036367684603,0.10340530425310135,0.007337084388552342
123.0,4.394618034362793,0.005263961385935545,0.13245399296283722,0.009416846204953378
124.0,4.144163131713867,0.005731639452278614,0.1609109491109848,0.009788369938165058
125.0,4.06790018081665,0.006320248357951641,0.16470558941364288,0.011444783147651788
126.0,3.976067543029785,0.006763505283743143,0.08364962786436081,0.010157146913697642
127.0,3.919952869415283,0.007211501244455576,0.04575733840465546,0.009878295904563676
128.0,3.7067322731018066,0.007646607235074043,0.028990253806114197,0.010466829118450365
129.0,4.075778007507324,0.007861366495490074,0.16702112555503845,0.015136946890391186
130.0,4.0387797355651855,0.007999817840754986,0.05315181985497475,0.014003646425904258
131.0,4.363919734954834,0.008255990222096443,0.12701201438903809,0.016868522058657888
132.0,4.058969497680664,0.00866812001913786,0.17868772149085999,0.01604208163286925
133.0,4.007354259490967,0.00905058067291975,0.009742303751409054,0.012174413829906822
134.0,4.143340110778809,0.009374295361340046,0.021041184663772583,0.01643786969704868
135.0,4.081023693084717,0.009646865539252758,0.01910860277712345,0.01693544488887599
136.0,4.0686421394348145,0.010027425363659859,0.13119205832481384,0.01591575884445457
137.0,3.9542293548583984,0.010410257615149021,0.03765875846147537,0.016199447954158824
138.0,4.1692728996276855,0.010750163346529007,0.00572667270898819,0.02145782482006787
139.0,4.022710800170898,0.010918885469436646,0.13078181445598602,0.01636353587805722
140.0,4.115652561187744,0.01124834455549717,0.17329160869121552,0.022312251644751112
141.0,3.7991061210632324,0.011632050387561321,0.08411064743995667,0.02019288976494949
142.0,4.049623012542725,0.011813335120677948,0.1576647311449051,0.020381249416159212
143.0,4.0854997634887695,0.011957063339650631,0.019422801211476326,0.01784968657436056
144.0,4.167468070983887,0.01191839948296547,0.16327528655529022,0.020921377201868856
145.0,4.082559585571289,0.011928370222449303,0.04370265454053879,0.01885516002667276
146.0,4.100860118865967,0.011946086771786213,0.008451675996184349,0.02165301531343177
147.0,3.844093084335327,0.01192563958466053,0.03525087609887123,0.02061351727643471
148.0,3.9994919300079346,0.011977205984294415,0.06758855283260345,0.02045841331314599
149.0,3.9322335720062256,0.011900393292307854,0.11911126226186752,0.019583579057920523
150.0,4.36084508895874,0.01185702532529831,0.025061622262001038,0.023139211127553166
151.0,4.1768598556518555,0.011798107996582985,0.018976256251335144,0.022839528871494874
152.0,3.9278037548065186,0.011852112598717213,0.10285772383213043,0.01882877801949593
153.0,4.048393249511719,0.011744464747607708,0.15072980523109436,0.016956878229221335
154.0,3.943213939666748,0.011780096217989922,0.12812593579292297,0.016591501554516636
155.0,3.8188159465789795,0.011812025681138039,0.00024290196597576141,0.017789407303545644
156.0,4.227954864501953,0.0117385508492589,0.09868326783180237,0.021140008555584743
157.0,3.849414110183716,0.011738930828869343,0.06421372294425964,0.01863120220635522
158.0,3.9526045322418213,0.011540035717189312,0.19398881494998932,0.01757339339649136
159.0,3.8470427989959717,0.011358337476849556,0.0020196037366986275,0.016402312898723646
160.0,4.193735599517822,0.011246776208281517,0.05069293826818466,0.02336945213047851
161.0,3.7963614463806152,0.011110787279903889,0.03405628353357315,0.01571193636204215
162.0,4.027385234832764,0.011025985702872276,0.036512479186058044,0.016694718285346417
163.0,4.040406703948975,0.01081197988241911,0.13312500715255737,0.018434624322764485
164.0,3.9501874446868896,0.010604161769151688,0.014035271480679512,0.015687253402080447
165.0,4.143012523651123,0.01050534751266241,0.08495116233825684,0.02237710022905714
166.0,3.904850721359253,0.01043463684618473,0.0177345909178257,0.017825655897193197
167.0,4.081671237945557,0.010320671834051609,0.04796542599797249,0.020550431293155497
168.0,3.987410306930542,0.010068858973681927,0.14366471767425537,0.01951711647539367
169.0,4.0293073654174805,0.009742834605276585,0.0953996554017067,0.015754110815123734
170.0,4.0260820388793945,0.009430133737623692,0.01757795363664627,0.017368525905223593
171.0,3.9798035621643066,0.009159085340797901,0.010751426219940186,0.01842479940800883
172.0,4.2320237159729,0.008739379234611988,0.1704319566488266,0.016958534654606824
173.0,3.9510562419891357,0.008409257978200912,0.046499721705913544,0.01537901035571826
174.0,4.127695560455322,0.008036225102841854,0.07226832211017609,0.01642151816158145
175.0,3.9599900245666504,0.0076239933259785175,0.07268601655960083,0.014348678070695859
176.0,3.8152456283569336,0.007166233379393816,0.08256018906831741,0.010999848654972718
177.0,4.171220779418945,0.006754445377737284,0.001399889588356018,0.011138927117494871
178.0,3.9997217655181885,0.006245322059839964,0.13328352570533752,0.011000172797793212
179.0,4.155432224273682,0.0056072440929710865,0.17617985606193542,0.011331756624943982
180.0,4.053155422210693,0.004968867637217045,0.06052682176232338,0.007787651735075166
181.0,3.830721616744995,0.004422654863446951,0.028635535389184952,0.007005563418442123
182.0,4.365785121917725,0.003861450357362628,0.06578966975212097,0.00813285740122184
183.0,3.957245349884033,0.00341927632689476,0.060880716890096664,0.006515311947416691
184.0,3.976072311401367,0.0030606549698859453,0.03838391974568367,0.0053987760761474235
185.0,3.900165319442749,0.002770040649920702,0.03132377192378044,0.005233829303003592
186.0,4.2768330574035645,0.0024660907220095396,0.03954072296619415,0.004814352480875086
187.0,4.0503153800964355,0.0021820056717842817,0.009188912808895111,0.003648746422275663
188.0,4.215792655944824,0.0018493463285267353,0.07230391353368759,0.003497978312468547
189.0,4.008958339691162,0.0015128334052860737,0.03420310467481613,0.0028798102098610387
190.0,3.906278371810913,0.001174701377749443,0.03236522525548935,0.0021906138907714662
191.0,4.048048973083496,0.0007760792504996061,0.08835632354021072,0.002114395358282554
192.0,3.977410316467285,0.00041486750706098974,0.0013291938230395317,0.0012244290151892877
193.0,4.053273677825928,6.28649431746453e-5,0.14451810717582703,0.0008636239742434674
194.0,4.141779899597168,0.0005213323165662587,0.0256364643573761,9.439136962590094e-5
195.0,4.03233003616333,0.0008899061940610409,0.0420263409614563,0.0008810227282304533
196.0,3.8725388050079346,0.001140841981396079,0.07570342719554901,0.0014421651723576518
197.0,4.320515155792236,0.0013976985355839133,0.028341062366962433,0.0018309340733735661
198.0,4.2383246421813965,0.0018986314535140991,0.2598997950553894,0.0029999356832642017
199.0,4.059614658355713,0.0024764754343777895,0.12143327295780182,0.002772619783801906
200.0,3.9443252086639404,0.0031233723275363445,0.12159803509712219,0.00388211841332054
201.0,4.073331356048584,0.00377599336206913,0.0661410391330719,0.004497732310022385
202.0,4.104991912841797,0.0043237218633294106,0.03885466232895851,0.0050064871347211505
203.0,3.800020694732666,0.0048094093799591064,0.008137952536344528,0.006727943101374622
204.0,3.767122745513916,0.005183391738682985,0.060281768441200256,0.006966761730602118
205.0,3.9587221145629883,0.005539329256862402,0.017397984862327576,0.007292096004968124
206.0,3.9506168365478516,0.005916765425354242,0.0531173050403595,0.007592061706146634
207.0,4.084482669830322,0.006271540652960539,0.013304002583026886,0.010766354620437747
208.0,3.87640380859375,0.0066306269727647305,0.03654458001255989,0.009870190333859889
209.0,3.993934392929077,0.006912697572261095,0.039032503962516785,0.00879607014163951
210.0,3.9497017860412598,0.007373555097728968,0.19712193310260773,0.012122983222477983
211.0,4.011631011962891,0.007692077197134495,0.09071514010429382,0.01075385402196819
212.0,4.162403106689453,0.008022261783480644,0.040313709527254105,0.011720994163384636
213.0,4.0298237800598145,0.00829415675252676,0.024368785321712494,0.012056813810277322
214.0,3.944420337677002,0.008576651103794575,0.03483078256249428,0.01092920051311829
215.0,4.092711925506592,0.008698693476617336,0.1234334409236908,0.016025433048202437
216.0,4.147397041320801,0.00869457796216011,0.10679157078266144,0.013827919803298809
217.0,4.002707004547119,0.008711679838597775,0.019473064690828323,0.013928107335958739
218.0,4.065668106079102,0.00875227339565754,0.023486219346523285,0.014365335697589356
219.0,4.116903305053711,0.008777168579399586,0.010920880362391472,0.013319640481334863
220.0,4.073975563049316,0.008860315196216106,0.05642306059598923,0.013287950050406965
221.0,3.887809991836548,0.008960472419857979,0.02331884577870369,0.014370107157761543
222.0,3.7941112518310547,0.009062563069164753,0.010845128446817398,0.013355850236533745
223.0,3.806774616241455,0.009397330693900585,0.22859099507331848,0.016483151846092874
224.0,3.888556480407715,0.009779011830687523,0.0749821811914444,0.013607585049125473
225.0,3.87217116355896,0.009973710402846336,0.13873054087162018,0.015011833504800605
226.0,3.93403697013855,0.010067161172628403,0.07683097571134567,0.014603819574291743
227.0,3.8395862579345703,0.01019548811018467,0.041234590113162994,0.017901632545564924
228.0,4.049468040466309,0.010180930607020855,0.12175321578979492,0.015860196379646432
229.0,4.392850875854492,0.010224838741123676,0.05338458716869354,0.015555808780356367
230.0,4.127797603607178,0.010297559201717377,0.030932452529668808,0.01646036485315645
231.0,3.8627233505249023,0.010413706302642822,0.04715721309185028,0.016834420149338166
232.0,4.03987979888916,0.01048184558749199,0.03406330198049545,0.01555290592228108
233.0,4.101527690887451,0.010387321002781391,0.14530372619628906,0.02009925518497595
234.0,4.077611446380615,0.010241443291306496,0.05656100809574127,0.01515160255938132
235.0,3.9447455406188965,0.010238843970000744,0.11995881050825119,0.015301154555619942
236.0,3.8585946559906006,0.010161664336919785,0.069797582924366,0.013819789484698223
237.0,4.11946964263916,0.010054857470095158,0.034627027809619904,0.016262663322489275
238.0,4.214741230010986,0.010009191930294037,0.047041431069374084,0.014784273561309444
239.0,4.0116472244262695,0.009871263988316059,0.0899466797709465,0.015423358238460059
240.0,3.968810796737671,0.009632466360926628,0.10668361932039261,0.01497315836197152
241.0,4.10533332824707,0.009215685538947582,0.19054919481277466,0.015200758001736689
242.0,3.939044952392578,0.008915312588214874,0.07027710229158401,0.012832052295610182
243.0,4.160311698913574,0.008699310943484306,0.05116456747055054,0.01315791546877545
244.0,4.071881294250488,0.00848766416311264,0.015664443373680115,0.013344592603305488
245.0,3.992020845413208,0.008316202089190483,0.018081076443195343,0.012832683689300581
246.0,4.093170642852783,0.008195572532713413,0.03155425935983658,0.015196529360353959
247.0,4.008453369140625,0.008210700936615467,0.11481337249279022,0.012213663906050682
248.0,3.994096517562866,0.008191040717065334,0.030882373452186584,0.013755272776675124
249.0,4.0309858322143555,0.008206935599446297,0.031118014827370644,0.011816650201176504
250.0,3.8684000968933105,0.008130024187266827,0.0843881368637085,0.011606076581750275
251.0,3.9168295860290527,0.008096405304968357,0.032995451241731644,0.010928229511547913
252.0,3.873502492904663,0.007990504615008831,0.06974542886018753,0.011513137860188904
253.0,3.8202569484710693,0.007775759790092707,0.11035371571779251,0.012458433920379583
254.0,3.915374994277954,0.00753662409260869,0.041955284774303436,0.012417000279324499
255.0,3.9678189754486084,0.007264117710292339,0.052417293190956116,0.010715943537493293
256.0,4.07456636428833,0.0072229886427521706,0.18758296966552734,0.010866854418025028
257.0,4.011240482330322,0.007202949840575457,0.015772182494401932,0.011018233149663045
258.0,3.907799005508423,0.007150130346417427,0.032069604843854904,0.010606297786426213
259.0,4.101127624511719,0.007060620002448559,0.038586072623729706,0.010269379242404477
260.0,3.9027373790740967,0.0069883400574326515,0.007771452888846397,0.009418194367388817
261.0,3.9902989864349365,0.006899749394506216,0.021469078958034515,0.008544536554880107
262.0,3.7944908142089844,0.0067641353234648705,0.05107538029551506,0.009281200682437752
263.0,3.933107614517212,0.006665924098342657,0.022020749747753143,0.009002874606529512
264.0,3.940192699432373,0.006620102562010288,0.03898415341973305,0.009285654523183707
265.0,4.040811061859131,0.006640199571847916,0.055942606180906296,0.009644133948323303
266.0,3.962527275085449,0.006628851871937513,0.02680213749408722,0.010097280213994642
267.0,3.9672088623046875,0.006491509266197681,0.11578342318534851,0.009789816315476138
268.0,4.107794761657715,0.006257201079279184,0.1009126827120781,0.012975325006240707
269.0,4.044464111328125,0.0061429645866155624,0.08806369453668594,0.008255484073102391
270.0,3.977224349975586,0.006109644193202257,0.06333845853805542,0.008160699889134858
271.0,3.719071388244629,0.0061188554391264915,0.035655852407217026,0.00812569575521123
272.0,4.092466831207275,0.006133780814707279,0.005998676642775536,0.008294493997746758
273.0,3.9570236206054688,0.0060562933795154095,0.0823892280459404,0.007360683553227709
274.0,4.081424236297607,0.006064849905669689,0.07093857228755951,0.008857007426057223
275.0,3.889056921005249,0.006079888436943293,0.0066154710948467255,0.007804183612402645
276.0,4.14445686340332,0.006047895643860102,0.04108746349811554,0.008281690866005527
277.0,3.91790509223938,0.0060440306551754475,0.0224931538105011,0.008593005981150776
278.0,3.9736380577087402,0.005932625383138657,0.09719859063625336,0.00797729822411472
279.0,4.076210975646973,0.0058451187796890736,0.011649196967482567,0.008300837295228307
280.0,4.064422607421875,0.0056750960648059845,0.08197537809610367,0.008136183597600884
281.0,3.9504010677337646,0.005472519900649786,0.04424231871962547,0.007428646255032272
282.0,3.7773656845092773,0.005299135576933622,0.008328735828399658,0.007887186915126866
283.0,4.038094997406006,0.00508260540664196,0.05389856919646263,0.006925893150023782
284.0,3.9510715007781982,0.004881366156041622,0.005325412377715111,0.006879296613588015
285.0,3.885413646697998,0.004633938893675804,0.05891887843608856,0.006572801491740471
286.0,3.9490859508514404,0.004291308578103781,0.10717930644750595,0.006326484466602501
287.0,3.9286766052246094,0.003978918306529522,0.0030307602137327194,0.006015446280693259
288.0,3.7840983867645264,0.0037100461777299643,0.011402888223528862,0.00512140116387505
289.0,3.981132984161377,0.0036315121687948704,0.14500261843204498,0.005156771271020096
290.0,4.09612512588501,0.0035974225029349327,0.03267233073711395,0.00519430704251202
291.0,3.946068286895752,0.0038043558597564697,0.2131836712360382,0.004823142096681213
292.0,3.9815926551818848,0.003999865148216486,0.007982010021805763,0.005205157920362096
293.0,4.217249393463135,0.004055641125887632,0.10769955068826675,0.005670096171590679
294.0,4.08860445022583,0.0039275228045880795,0.16049480438232422,0.005124760745606982
295.0,4.108182907104492,0.003643631935119629,0.1528559923171997,0.00542812174183923
296.0,3.953357219696045,0.003310169093310833,0.07027821987867355,0.004125905696750767
297.0,4.089529514312744,0.003074181964620948,0.0581994503736496,0.004474380502592204
298.0,3.702633857727051,0.00288399844430387,0.020361129194498062,0.004531673853515255
299.0,4.086893558502197,0.002491912804543972,0.2017938792705536,0.003699584335475563
300.0,3.87503719329834,0.002129795728251338,0.00776015967130661,0.003376267814548169
301.0,4.0542521476745605,0.0017536222003400326,0.04506351798772812,0.0027986942487325446
302.0,3.83351993560791,0.0014033287297934294,0.010020909830927849,0.0023753490538922666
303.0,3.967479705810547,0.001090220408514142,0.002487989142537117,0.001906337315326363
304.0,3.689880609512329,0.0007334511610679328,0.0673176571726799,0.001557083481324367
305.0,3.686826705932617,0.00041339450399391353,0.0014813877642154694,0.000873661914258603
306.0,3.9559266567230225,0.00020242220489308238,0.06944297254085541,0.0005774719969537839
307.0,4.029515743255615,3.069946251343936e-5,0.01658938080072403,0.00023851948005558962
308.0,4.070957183837891,0.00010750666842795908,0.014883775264024734,4.32293477891448e-5
309.0,3.8666744232177734,0.00016525355749763548,0.059700705111026764,0.00015055972829646714
310.0,4.124934673309326,0.00032067723805084825,0.09251880645751953,0.00024703284843125435
311.0,3.8462648391723633,0.00044391315896064043,0.015085700899362564,0.0004582922352196322
312.0,4.102499008178711,0.000684041646309197,0.11561352014541626,0.0006939634771602286
313.0,3.969374656677246,0.0008595571853220463,0.03653000295162201,0.00089735820554484
314.0,4.074308395385742,0.0009813099168241024,0.03248901292681694,0.00141499417316787
315.0,3.9959988594055176,0.0011419730726629496,0.04531785100698471,0.0011676601742171317
316.0,3.9531376361846924,0.0012914515100419521,0.004098217934370041,0.0018070811284069648
317.0,3.881221294403076,0.00144103541970253,0.01312924176454544,0.0016052399317603768
318.0,4.1381988525390625,0.001634761574678123,0.05218544602394104,0.0018910225827102492
319.0,4.018365859985352,0.001836123177781701,0.023610010743141174,0.00203568767047379
320.0,3.862278699874878,0.0020108947064727545,0.005985596217215061,0.002206792061610829
321.0,3.7959442138671875,0.0024202996864914894,0.22607871890068054,0.0026601829670003917
322.0,3.910952568054199,0.0027706760447472334,0.01666756346821785,0.0027013683452753465
323.0,4.055689811706543,0.0029225817415863276,0.14499077200889587,0.003880076349907517
324.0,3.9469916820526123,0.0030640445183962584,0.0040086861699819565,0.0035887183720550286
325.0,3.8288984298706055,0.0033787500578910112,0.16819755733013153,0.003956443992843695
326.0,3.622907876968384,0.003694342914968729,0.028497396036982536,0.0038230234582959186
327.0,3.8577663898468018,0.004060023929923773,0.0727422684431076,0.004614010414315934
328.0,3.960305690765381,0.004325179383158684,0.05735022574663162,0.004827173939025041
329.0,3.941215991973877,0.004518945701420307,0.04026709496974945,0.004958283082073593
330.0,3.788844585418701,0.004791316110640764,0.08724460005760193,0.005246827970173949
331.0,3.8910062313079834,0.0051322937943041325,0.08530905842781067,0.006276623923588814
332.0,3.9307236671447754,0.005422307178378105,0.015461647883057594,0.0061189152256285306
333.0,3.8853600025177,0.005599392112344503,0.07468292117118835,0.008333095608487344
334.0,3.6419262886047363,0.005834182258695364,0.06683947145938873,0.007547461556033986
335.0,3.859971523284912,0.006089415401220322,0.03866878151893616,0.007014101044610253
336.0,3.9693102836608887,0.00627456558868289,0.03973084315657616,0.008479626950730195
337.0,4.050234317779541,0.006425485014915466,0.014139946550130844,0.009886209039922298
338.0,3.7895703315734863,0.006619821302592754,0.05150812491774559,0.01011506091962451
339.0,3.7229721546173096,0.006754549220204353,0.035635560750961304,0.010358102541958326
340.0,3.925797700881958,0.006874528713524342,0.0013078674674034119,0.00843810223406346
341.0,3.9527058601379395,0.00704833073541522,0.05776435509324074,0.009743946264623424
342.0,3.7154080867767334,0.00731782428920269,0.09950847923755646,0.011388953854303102
343.0,3.75935435295105,0.007634645327925682,0.06510644406080246,0.008912252110607756
344.0,3.937821865081787,0.007960014045238495,0.03493919223546982,0.009190282478423123
345.0,3.595006227493286,0.008300861343741417,0.04173708334565163,0.011322499543999425
346.0,3.8947396278381348,0.008524551056325436,0.07290332019329071,0.010558679363834549
347.0,3.854357957839966,0.008733478374779224,0.006351672112941742,0.01093416493824797
348.0,3.865391254425049,0.00888176541775465,0.03494005650281906,0.010460890999985373
349.0,3.768428325653076,0.009136077016592026,0.10569678246974945,0.01095640480017022
350.0,3.949969530105591,0.00916931964457035,0.17081518471240997,0.014347799331936709
351.0,3.815418243408203,0.009224174544215202,0.021818021312355995,0.012037259718528327
352.0,3.7209854125976562,0.009027587249875069,0.21708858013153076,0.01239023980380191
353.0,3.7916321754455566,0.00879200454801321,0.051628515124320984,0.01108156572085712
354.0,3.724910259246826,0.008477467112243176,0.09055988490581512,0.01320605155547882
355.0,3.8561244010925293,0.008139904588460922,0.04776425659656525,0.00958203691900952
356.0,3.765528440475464,0.007756337523460388,0.07015727460384369,0.009267414088098655
357.0,3.857783794403076,0.007459399756044149,0.04289250075817108,0.009481551389034388
358.0,3.568308115005493,0.007162496447563171,0.025718260556459427,0.007799170971409313
359.0,3.8176026344299316,0.006884116213768721,0.009417297318577766,0.008769264507955184
360.0,3.4808549880981445,0.006534427870064974,0.08701710402965546,0.00852796192142301
361.0,3.93182373046875,0.006231215316802263,0.010533025488257408,0.009199078626154681
362.0,3.5486197471618652,0.006022240035235882,0.05618719756603241,0.00762598117080674
363.0,3.6533074378967285,0.0057955337688326836,0.03353900834918022,0.007955351177866577
364.0,3.6637442111968994,0.00564942741766572,0.05078154057264328,0.006429516517549267
365.0,3.7462825775146484,0.005507448688149452,0.008953642100095749,0.006319025616273917
366.0,3.564040184020996,0.005426030606031418,0.04051250219345093,0.006977084152371395
367.0,3.5706965923309326,0.005255313124507666,0.08483388274908066,0.006642648978140982
368.0,3.5181870460510254,0.005176377482712269,0.06509704887866974,0.006394700201594563
369.0,3.388781785964966,0.00512771075591445,0.019532889127731323,0.0063638221719227
370.0,3.4476945400238037,0.005027474369853735,0.04893084615468979,0.0052965773018187464
371.0,3.3354320526123047,0.004970853682607412,0.029219968244433403,0.006356146930976826
372.0,3.395923137664795,0.005026936065405607,0.09276344627141953,0.005753714416839483
373.0,3.2778282165527344,0.004992395639419556,0.07366970181465149,0.00576039985042506
374.0,3.46877121925354,0.004831688012927771,0.11244702339172363,0.006560761935451113
375.0,3.4501678943634033,0.004560195840895176,0.1102505773305893,0.0051732198391281825
376.0,3.277743101119995,0.004388622473925352,0.06328506022691727,0.005218085870456659
377.0,3.2917492389678955,0.004336089361459017,0.08837848901748657,0.004963436364143107
378.0,3.24751877784729,0.004311641678214073,0.01983962394297123,0.004862206534047104
379.0,2.8407411575317383,0.004396097268909216,0.0922325849533081,0.004691222951537837
380.0,3.162215232849121,0.004541270434856415,0.059819892048835754,0.004939262459240419
381.0,3.2293035984039307,0.004751312546432018,0.06861738115549088,0.005399127697256238
382.0,3.1982717514038086,0.0048396047204732895,0.08716190606355667,0.00573273716944212
383.0,3.3034865856170654,0.00487382709980011,0.03917940333485603,0.00550563049019603
384.0,2.95800518989563,0.005015330854803324,0.09570498764514923,0.0055520525070576554
385.0,3.1038506031036377,0.005154108628630638,0.009690158069133759,0.005727562048566871
386.0,2.948253631591797,0.005347903352230787,0.05932513624429703,0.005396894677201333
387.0,3.01566219329834,0.0056160748936235905,0.08081013709306717,0.006350923563306698
388.0,3.127667188644409,0.00567367859184742,0.15825137495994568,0.006008246997889352
389.0,2.6113359928131104,0.005759625229984522,0.029410669580101967,0.005451430318748476
390.0,2.979495048522949,0.005850486923009157,0.011555798351764679,0.007281131707620285
391.0,3.0929408073425293,0.0059586879797279835,0.02266763709485531,0.007793662504412962
392.0,2.4417521953582764,0.0061097037978470325,0.04607115685939789,0.005732643424295437
393.0,2.729504108428955,0.006352582015097141,0.09211006760597229,0.007232224981642909
394.0,2.954150915145874,0.006580473389476538,0.007708348333835602,0.006776829200587578
395.0,2.710440158843994,0.006743151228874922,0.036642611026763916,0.00810077689517373
396.0,2.531704902648926,0.006987311411648989,0.08390402793884277,0.006436311987904102
397.0,2.676147222518921,0.007328047417104244,0.10407395660877228,0.008314087800517674
398.0,2.470090389251709,0.00764912273734808,0.011969294399023056,0.007332169770357948
399.0,2.8218677043914795,0.007952232845127583,0.011743128299713135,0.009513817434726284
400.0,2.6195192337036133,0.008267505094408989,0.036041080951690674,0.009582777450744219
401.0,2.2490074634552,0.008661300875246525,0.09424878656864166,0.008159728372827687
402.0,2.471022605895996,0.0091399559751153,0.10665351152420044,0.008665323578880054
403.0,2.45255708694458,0.00958197470754385,0.009052563458681107,0.009955931324352685
404.0,2.404325008392334,0.010175548493862152,0.1696346402168274,0.010130977469976533
405.0,2.220797538757324,0.010607653297483921,0.08768108487129211,0.011542682329351508
406.0,2.2204322814941406,0.011017268523573875,0.017292438074946404,0.00979183614615688
407.0,2.0920896530151367,0.011527949012815952,0.12249987572431564,0.010902626741375977
408.0,2.3071489334106445,0.012044430710375309,0.04840186610817909,0.010523948111449289
409.0,2.3315556049346924,0.01254159864038229,0.02717673033475876,0.01155921061419505
410.0,2.1311159133911133,0.012922261841595173,0.05750603228807449,0.011438082140289487
411.0,1.995396614074707,0.01327596791088581,0.009068936109542847,0.011896797505850458
412.0,2.1909611225128174,0.013581565581262112,0.011271685361862183,0.012980099874909272
413.0,2.0354998111724854,0.013812653720378876,0.037760376930236816,0.011627016929865305
414.0,1.9515258073806763,0.0139414481818676,0.06759017705917358,0.011170322091039386
415.0,2.0131585597991943,0.014118997380137444,0.0523948110640049,0.01196637014832279
416.0,2.0959463119506836,0.014319084584712982,0.034101858735084534,0.013467925049348578
417.0,1.9418270587921143,0.014536415226757526,0.031449347734451294,0.013682214712078858
418.0,1.7651991844177246,0.014704513363540173,0.02355162799358368,0.012933286807666873
419.0,2.122584104537964,0.014851872809231281,0.0035153143107891083,0.013404472915089508
420.0,2.11940598487854,0.014947214163839817,0.031680867075920105,0.013137553511923177
421.0,2.095905303955078,0.014964662492275238,0.05784229934215546,0.013755527159591262
422.0,1.962606430053711,0.01493313629180193,0.03989514335989952,0.013205824548761558
423.0,2.06172776222229,0.01485048420727253,0.04575977474451065,0.013141941475582697
424.0,2.084156036376953,0.014741122722625732,0.029384177178144455,0.01287330175594013
425.0,1.813853144645691,0.014604506082832813,0.032032161951065063,0.011928703579054404
426.0,2.0728681087493896,0.014385626651346684,0.0806892067193985,0.01259116421644733
427.0,1.87381911277771,0.014149567112326622,0.03262539952993393,0.012610455903220161
428.0,2.1835646629333496,0.013921648263931274,0.012726661749184132,0.01219988905034195
429.0,1.9850904941558838,0.013696311041712761,0.016697987914085388,0.011228518532920147
430.0,1.9953901767730713,0.013490437529981136,0.0023257839493453503,0.012183063541656299
431.0,1.8405134677886963,0.013311468064785004,0.00549874734133482,0.010935967711014431
432.0,2.124692916870117,0.013199484907090664,0.041117727756500244,0.011987930841991101
433.0,2.1125316619873047,0.01305406168103218,0.03711897134780884,0.011961964170249632
434.0,1.952948808670044,0.012925495393574238,0.0020817983895540237,0.01140290798689948
435.0,1.9437835216522217,0.012828606180846691,0.01577886939048767,0.01093482298520605
436.0,1.9089751243591309,0.012804938480257988,0.052835628390312195,0.010860555590417138
437.0,1.9567208290100098,0.012792769819498062,0.0076004695147275925,0.011191292061768842
438.0,1.9200388193130493,0.012824435718357563,0.03532137721776962,0.010812038279027105
439.0,2.029803514480591,0.012812861241400242,0.03319181501865387,0.012236456542377969
440.0,1.958403468132019,0.012785489670932293,0.014000334776937962,0.01129231383082612
441.0,2.0136353969573975,0.012754593044519424,0.005139847286045551,0.010455055102735152
442.0,1.9382879734039307,0.012677153572440147,0.040893346071243286,0.009979950404568365
443.0,1.858257532119751,0.012566056102514267,0.034026600420475006,0.01025808609956768
444.0,2.032980442047119,0.012543740682303905,0.06397030502557755,0.011278281764720356
445.0,2.034965753555298,0.012551986612379551,0.023307140916585922,0.010495911614382637
446.0,2.020435333251953,0.012459103018045425,0.08244684338569641,0.011025350882486308
447.0,1.9007036685943604,0.012287963181734085,0.07191243767738342,0.010339024987006366
448.0,1.885388970375061,0.012104975990951061,0.02360621467232704,0.011221466422242277
449.0,1.8886590003967285,0.011945837177336216,0.004734504967927933,0.009592188626865084
450.0,1.8893235921859741,0.011849796399474144,0.03875255584716797,0.010224268528121458
451.0,1.930967926979065,0.011819111183285713,0.045664019882678986,0.009768013209867497
452.0,1.9150311946868896,0.01179005391895771,0.001145743764936924,0.009706698379398818
453.0,1.9727520942687988,0.011755979619920254,0.006432829424738884,0.01004707735115866
454.0,1.8992863893508911,0.011748061515390873,0.018563244491815567,0.009574888594656227
455.0,1.9377325773239136,0.011681236326694489,0.04858090728521347,0.009785900108410833
456.0,1.8535068035125732,0.011638683266937733,0.014361565932631493,0.009843021023738229
457.0,1.9210432767868042,0.01163837593048811,0.030877063050866127,0.010881251980816811
458.0,2.012660264968872,0.011599247343838215,0.03150355443358421,0.010878112565042107
459.0,1.8683580160140991,0.011557169258594513,0.005518379621207714,0.010275060596135366
460.0,1.923598289489746,0.011558019556105137,0.03135426342487335,0.012761244293434143
461.0,1.822615385055542,0.011498666368424892,0.0485856756567955,0.011940745681528973
462.0,1.9535539150238037,0.01138948742300272,0.044980451464653015,0.008801305973400635
463.0,1.9590321779251099,0.011331665329635143,0.032702840864658356,0.010630645251500473
464.0,1.9234464168548584,0.011285580694675446,0.004852390848100185,0.009237924258515828
465.0,1.902665376663208,0.011113302782177925,0.10548137128353119,0.009678849274855291
466.0,1.948631763458252,0.010961088351905346,0.002450876869261265,0.009659690311541768
467.0,1.8746192455291748,0.010797634720802307,0.021139545366168022,0.010384346413507889
468.0,1.8944326639175415,0.010591629892587662,0.04721304029226303,0.00987277392274185
469.0,1.9467265605926514,0.010349007323384285,0.04579273611307144,0.010089052873125228
470.0,1.8866589069366455,0.010104761458933353,0.020532602444291115,0.00878450863392723
471.0,2.0021419525146484,0.00986979529261589,0.011895878240466118,0.008809177789513649
472.0,1.9885212182998657,0.009660232812166214,0.0017492249608039856,0.008449153029169617
473.0,1.9916479587554932,0.009433640167117119,0.03016555681824684,0.008448118211794932
474.0,2.02337908744812,0.00922238640487194,0.005624397657811642,0.007883878974285842
475.0,1.9994397163391113,0.00898067094385624,0.04095720872282982,0.008528096484158747
476.0,2.0407140254974365,0.008668642491102219,0.07525166869163513,0.007590491434894845
477.0,1.8579410314559937,0.008410797454416752,0.018564749509096146,0.0076585015508270566
478.0,1.872555136680603,0.008164787665009499,0.010846439749002457,0.006743010718366382
479.0,1.9513195753097534,0.007828544825315475,0.09136927127838135,0.006996845071363095
480.0,1.8324147462844849,0.00749888364225626,0.02117989957332611,0.006912161063283052
481.0,1.9338182210922241,0.0072774640284478664,0.05987165868282318,0.006181230190203783
482.0,1.8899401426315308,0.006993203889578581,0.06735987961292267,0.007482116099485248
483.0,1.974640130996704,0.006774181965738535,0.029399102553725243,0.006324211193001576
484.0,2.1041128635406494,0.006471990142017603,0.08329346776008606,0.006114552003530292
485.0,1.9281842708587646,0.00617854343727231,0.016729477792978287,0.005693862027743855
486.0,1.947204351425171,0.005877700634300709,0.028813540935516357,0.005506839690420183
487.0,1.8410741090774536,0.005616215523332357,0.007597971707582474,0.004852193780067897
488.0,1.9370700120925903,0.005215162876993418,0.1315818428993225,0.004918267136656231
489.0,1.9296901226043701,0.004796572495251894,0.04533344507217407,0.004551893828727766
490.0,1.9568877220153809,0.004357820376753807,0.04876586049795151,0.0038674213218097948
491.0,1.8470879793167114,0.003927219193428755,0.027842774987220764,0.003748453639655292
492.0,1.985577940940857,0.003553384682163596,0.011189865879714489,0.0031657949040061737
493.0,1.896802306175232,0.003194486489519477,0.017347773537039757,0.002809250124626139
494.0,1.9960001707077026,0.0028093026485294104,0.048709020018577576,0.002986948760268841
495.0,1.9551507234573364,0.002376305405050516,0.0678008422255516,0.0022911068051432886
496.0,1.8790998458862305,0.0019948703702539206,0.006878308020532131,0.00182168727504577
497.0,1.9037084579467773,0.0016118991188704967,0.03083932399749756,0.0018489842902682243
498.0,2.0311191082000732,0.0012658709893003106,0.0007161656394600868,0.0012532673749022414
499.0,1.9123246669769287,0.000887848436832428,0.051970791071653366,0.0010288587206205041
500.0,1.8919603824615479,0.0004747824277728796,0.05684283375740051,0.0007430842986972209
501.0,1.9747083187103271,4.6015833504498005e-5,0.04431982710957527,0.00047830228924463687
502.0,1.8201202154159546,0.0002620380255393684,0.060974910855293274,3.6987660075421856e-5
503.0,1.86532461643219,0.0005027793813496828,0.02873440459370613,0.00019370182328882205
504.0,1.7508654594421387,0.0007576933712698519,0.02964022569358349,0.00038444020144907964
505.0,1.8870465755462646,0.0010179849341511726,0.023838121443986893,0.0006060273771411638
506.0,1.9915268421173096,0.0013067735126242042,0.04226857051253319,0.0009530025245046542
507.0,1.9803481101989746,0.0016139601357281208,0.036555320024490356,0.0010816265981272281
508.0,1.9099901914596558,0.001957143656909466,0.051678366959095,0.0013383371112466317
509.0,1.9090797901153564,0.002272645477205515,0.004849551245570183,0.0016203524693860281
510.0,1.847915530204773,0.002550483215600252,0.0050123995169997215,0.001842089663450488
511.0,1.9424593448638916,0.0028522522188723087,0.039860405027866364,0.002028908845548148
512.0,1.8713454008102417,0.0030664328951388597,0.044587038457393646,0.0023094802739339515
513.0,1.8780674934387207,0.0032580604311078787,0.0010628029704093933,0.002458189981761034
514.0,2.0186872482299805,0.0034485331270843744,0.013735741376876831,0.0029405710688214176
515.0,1.8945560455322266,0.003623528406023979,0.0025871507823467255,0.002935518023609258
516.0,1.9508028030395508,0.003752929624170065,0.021766770631074905,0.0024669997162768565
517.0,1.9147510528564453,0.0039273942820727825,0.04454267397522926,0.003356118882905695
518.0,1.8638770580291748,0.004083549603819847,0.0008124206215143204,0.0030661446079276178
519.0,2.032322883605957,0.004295314196497202,0.054619044065475464,0.00316977685064461
520.0,1.9064666032791138,0.004399967845529318,0.06600475311279297,0.0037771754634674036
521.0,2.042853355407715,0.0045401109382510185,0.03516750782728195,0.003485538980413751
522.0,1.961228847503662,0.004727530293166637,0.04688591882586479,0.00397155548656362
523.0,1.851483941078186,0.004801565781235695,0.07252153754234314,0.0038446352725888225
524.0,1.8620761632919312,0.004864216782152653,0.0031084660440683365,0.003841079888572398
525.0,2.0117850303649902,0.005031575448811054,0.08494849503040314,0.004879423728418372
526.0,1.9123039245605469,0.005185615736991167,0.0024717673659324646,0.004343303345590062
527.0,1.991166353225708,0.005401264876127243,0.058789707720279694,0.004527345695981528
528.0,1.9665786027908325,0.005687943659722805,0.0707097202539444,0.004766714488372633
529.0,1.9818503856658936,0.0059610167518258095,0.011257887817919254,0.004915858435487055
530.0,1.8909786939620972,0.006161076948046684,0.03502047061920166,0.004939282629973821
531.0,1.8403953313827515,0.00636671157553792,0.019321396946907043,0.005085394326609704
532.0,1.9587963819503784,0.006569529417902231,0.013331418856978416,0.0058857456905123656
533.0,1.9315251111984253,0.006732416804879904,0.01508746761828661,0.0057348419789158495
534.0,1.976844072341919,0.006866357289254665,0.009736664593219757,0.00528652388761945
535.0,1.9156584739685059,0.006992028094828129,0.003773384727537632,0.004971494734901375
536.0,1.9673136472702026,0.00710931234061718,0.0030610430985689163,0.005391538315471423
537.0,1.8899526596069336,0.007215810474008322,0.000616246834397316,0.0052096747190201334
538.0,1.9422311782836914,0.007325054612010717,0.01002966333180666,0.005475691477042016
539.0,1.9487828016281128,0.007473727688193321,0.03792160749435425,0.005392102104863328
540.0,1.8786145448684692,0.007534467615187168,0.05514872819185257,0.0062302747938983065
541.0,1.9511128664016724,0.007514704950153828,0.056112200021743774,0.006357332715163034
542.0,1.8552988767623901,0.007483208552002907,0.010303892195224762,0.0058251476124214965
543.0,1.9328863620758057,0.007528535556048155,0.055437445640563965,0.006153448505945162
544.0,1.9208452701568604,0.007558843120932579,0.007916171103715897,0.005876610220204286
545.0,1.9259504079818726,0.007659348659217358,0.05498412251472473,0.006001415794949939
546.0,1.9099223613739014,0.007777499035000801,0.020702168345451355,0.00569227854857761
547.0,1.861222743988037,0.00787984486669302,0.0030836304649710655,0.005795168662620809
548.0,1.9987642765045166,0.00794401578605175,0.020988184958696365,0.006453504123350786
549.0,1.8842891454696655,0.008030610159039497,0.02151619642972946,0.006141102891248176
550.0,1.9372682571411133,0.008154775016009808,0.03447793424129486,0.00589164894263042
551.0,1.830080509185791,0.008325725793838501,0.04412420466542244,0.006138538402799416
552.0,1.8966132402420044,0.008491977117955685,0.009108155034482479,0.006325452150439359
553.0,1.8957936763763428,0.008615177124738693,0.01980188488960266,0.0069551400214004355
554.0,1.9837524890899658,0.008642147295176983,0.06249561905860901,0.00779418231162062
555.0,1.8757165670394897,0.00872957706451416,0.04697073996067047,0.006836376410131527
556.0,1.8877018690109253,0.008754167705774307,0.04025894030928612,0.006448445024262547
557.0,1.962571144104004,0.008824372664093971,0.035686951130628586,0.0078002541298785024
558.0,1.8978489637374878,0.008939430117607117,0.03844951093196869,0.006954625303936242
559.0,1.9142963886260986,0.008933790028095245,0.08102152496576309,0.007390366087832218
560.0,1.9643018245697021,0.008798576891422272,0.09666600823402405,0.007583739002672297
561.0,1.9304248094558716,0.008617053739726543,0.04434005543589592,0.008387343488517628
562.0,1.9374818801879883,0.008482960052788258,0.021835876628756523,0.007567544198526525
563.0,1.8880817890167236,0.008328774012625217,0.024721037596464157,0.006622197079689585
564.0,1.8942036628723145,0.008112066425383091,0.0576542466878891,0.0076214295245829915
565.0,1.9542502164840698,0.007843522354960442,0.05431362986564636,0.006590633369329706
566.0,1.8647559881210327,0.0075364187359809875,0.04825058951973915,0.0060683298738266325
567.0,1.9864122867584229,0.007202665787190199,0.042221639305353165,0.0060148210299732045
568.0,1.9389508962631226,0.006859675049781799,0.03124510496854782,0.005697493244473813
569.0,1.8441479206085205,0.006569996941834688,0.014272348955273628,0.005427173671256327
570.0,1.9452580213546753,0.0063586109317839146,0.03650439903140068,0.004671255758969937
571.0,1.8535100221633911,0.006137026473879814,0.022916648536920547,0.0049076641501536586
572.0,1.9336206912994385,0.005874231923371553,0.04650212824344635,0.004613004591769189
573.0,1.9635857343673706,0.00571752805262804,0.05874356999993324,0.0052075888121701904
574.0,1.9768391847610474,0.0055597638711333275,0.01217015739530325,0.004714157806892138
575.0,1.9255475997924805,0.005493041593581438,0.055292509496212006,0.004769661790671186
576.0,1.9644057750701904,0.005430568475276232,0.0017262668116018176,0.0041824361104180275
577.0,2.0253899097442627,0.005337206181138754,0.027157416567206383,0.004515721719135986
578.0,1.7704392671585083,0.005166947375983,0.0631190687417984,0.004236791992530154
579.0,1.8430544137954712,0.004946027882397175,0.04945828393101692,0.004224358268887371
580.0,1.883907675743103,0.00473589776083827,0.008097512647509575,0.003956067824223677
581.0,1.9428220987319946,0.004462302662432194,0.06167951598763466,0.004147936535575247
582.0,1.9656230211257935,0.004294205456972122,0.0571465864777565,0.003635065337508036
583.0,1.9462939500808716,0.004133564420044422,0.0066996850073337555,0.0038194959203020225
584.0,1.812242031097412,0.0039320942014455795,0.041391946375370026,0.0034340108143628353
585.0,1.8429361581802368,0.0038003146182745695,0.03619688004255295,0.0029342970375883775
586.0,1.8888176679611206,0.0036390023306012154,0.030999261885881424,0.0028758059048696358
587.0,1.871386170387268,0.0035336739383637905,0.029071955010294914,0.002805003371824786
588.0,1.913754940032959,0.003326806938275695,0.08151672780513763,0.0026208808034843822
589.0,1.8563419580459595,0.0031167033594101667,0.017234686762094498,0.0025796621134426406
590.0,1.9939606189727783,0.0029314178973436356,0.0029167309403419495,0.00267627552005341
591.0,1.926360011100769,0.0026712785474956036,0.06773108243942261,0.002339463644272171
592.0,1.9266680479049683,0.0024517907295376062,0.010793746449053288,0.00222656031444295
593.0,1.9622302055358887,0.0022309760097414255,0.01669859141111374,0.0020273788574025455
594.0,1.8088451623916626,0.0020038436632603407,0.020390085875988007,0.0019039508809343157
595.0,1.8889113664627075,0.0017641826998442411,0.025317000225186348,0.0018182204906737021
596.0,1.9927756786346436,0.0014117101673036814,0.09906898438930511,0.0012805413519183899
597.0,1.8946651220321655,0.0011286076623946428,0.02487807348370552,0.0011588594474871718
598.0,1.9503774642944336,0.0007493676384910941,0.09008002281188965,0.001012669034369364
599.0,1.887802004814148,0.0005396890919655561,0.09504185616970062,0.000608972423295411
600.0,1.8770809173583984,0.0002676017174962908,0.060257092118263245,0.00045524969241834897
